y_pred,y_true,binary_logistic_regression_sentiment
1,1,1
1,1,1
1,1,1
-1,-1,-1
-1,-1,-1
-1,-1,-1
-1,-1,-1
-1,-1,-1
-1,-1,-1
1,1,1
-1,-1,-1
-1,-1,-1
1,1,1
-1,-1,-1
1,1,1
1,1,1
1,1,1
-1,-1,-1
1,1,1
-1,-1,-1
1,1,1
1,1,1
-1,-1,-1
-1,-1,-1
1,1,1
1,-1,1
-1,-1,-1
-1,-1,-1
-1,-1,-1
1,-1,1
1,1,1
-1,-1,-1
-1,-1,-1
-1,-1,-1
1,1,1
-1,-1,-1
-1,-1,-1
-1,-1,-1
-1,-1,-1
1,1,1
-1,-1,-1
1,1,1
1,1,1
1,1,1
1,1,1
-1,-1,-1
1,1,1
-1,-1,-1
-1,-1,-1
1,1,1
-1,-1,-1
-1,-1,-1
-1,-1,-1
-1,-1,-1
-1,-1,-1
1,1,1
1,1,1
1,1,1
1,1,1
1,1,1
-1,-1,-1
1,1,1
1,1,1
-1,-1,-1
1,1,1
-1,-1,-1
-1,-1,-1
1,1,1
1,1,1
-1,-1,-1
-1,-1,-1
1,1,1
1,1,1
1,1,1
1,1,1
1,1,1
1,1,1
1,1,1
1,1,1
1,1,1
-1,1,-1
1,1,1
-1,-1,-1
-1,-1,-1
-1,-1,-1
-1,-1,-1
1,1,1
-1,-1,-1
-1,-1,-1
1,1,1
-1,-1,-1
1,1,1
1,1,1
-1,-1,-1
-1,-1,-1
1,1,1
-1,-1,-1
-1,-1,-1
-1,-1,-1
-1,-1,-1
-1,-1,-1
1,1,1
-1,-1,-1
1,1,1
-1,-1,-1
1,1,1
-1,-1,-1
-1,1,-1
1,1,1
-1,-1,-1
1,1,1
1,1,1
-1,-1,-1
-1,-1,-1
1,1,1
-1,-1,-1
1,1,1
-1,1,-1
-1,-1,-1
-1,-1,-1
1,1,1
-1,-1,-1
1,1,1
-1,-1,-1
1,1,1
1,1,1
-1,-1,-1
-1,-1,-1
1,1,1
1,1,1
-1,-1,-1
-1,-1,-1
-1,-1,-1
1,1,1
-1,-1,-1
-1,-1,-1
-1,-1,-1
1,1,1
-1,-1,-1
1,1,1
-1,-1,-1
-1,-1,-1
-1,-1,-1
-1,1,-1
1,1,1
-1,-1,-1
-1,-1,-1
-1,-1,-1
-1,-1,-1
-1,-1,-1
-1,-1,-1
-1,-1,-1
-1,-1,-1
1,1,1
1,1,1
1,1,1
-1,-1,-1
-1,-1,-1
-1,-1,-1
1,1,1
1,1,1
-1,-1,-1
1,-1,1
1,1,1
-1,-1,-1
1,1,1
1,1,1
1,1,1
1,1,1
-1,-1,-1
-1,-1,-1
-1,-1,-1
-1,-1,-1
1,1,1
-1,-1,-1
1,1,1
1,1,1
1,1,1
-1,-1,-1
1,-1,1
-1,-1,-1
-1,-1,-1
1,1,1
-1,-1,-1
-1,-1,-1
-1,-1,-1
-1,-1,-1
1,1,1
1,1,1
1,1,1
1,1,1
-1,-1,-1
1,1,1
1,1,1
1,1,1
-1,-1,-1
1,1,1
-1,-1,-1
-1,-1,-1
1,1,1
1,1,1
-1,-1,-1
1,1,1
1,1,1
-1,-1,-1
1,1,1
1,1,1
1,1,1
1,1,1
-1,-1,-1
-1,-1,-1
1,1,1
1,1,1
-1,-1,-1
-1,-1,-1
-1,-1,-1
1,1,1
-1,-1,-1
-1,-1,-1
-1,-1,-1
1,1,1
-1,-1,-1
-1,-1,-1
1,1,1
1,1,1
-1,-1,-1
1,1,1
1,1,1
1,1,1
1,1,1
-1,-1,-1
1,1,1
-1,-1,-1
1,1,1
-1,-1,-1
-1,-1,-1
-1,-1,-1
1,1,1
-1,-1,-1
-1,-1,-1
-1,-1,-1
1,1,1
-1,-1,-1
-1,-1,-1
-1,-1,-1
-1,-1,-1
-1,-1,-1
-1,-1,-1
1,1,1
-1,-1,-1
-1,-1,-1
1,1,1
1,1,1
1,1,1
-1,-1,-1
1,1,1
-1,-1,-1
1,1,1
1,1,1
1,1,1
1,1,1
-1,-1,-1
1,1,1
-1,-1,-1
1,1,1
1,1,1
1,1,1
1,1,1
-1,-1,-1
1,1,1
-1,-1,-1
-1,-1,-1
-1,-1,-1
1,1,1
1,1,1
1,-1,1
1,1,1
-1,-1,-1
-1,-1,-1
-1,-1,-1
-1,-1,-1
-1,-1,-1
-1,-1,-1
-1,-1,-1
-1,-1,-1
-1,-1,-1
-1,-1,-1
1,1,1
-1,-1,-1
1,1,1
1,1,1
-1,-1,-1
-1,-1,-1
-1,-1,-1
1,1,1
-1,-1,-1
-1,-1,-1
-1,-1,-1
-1,-1,-1
1,1,1
-1,-1,-1
1,1,1
1,1,1
-1,-1,-1
1,1,1
1,1,1
-1,-1,-1
1,1,1
1,-1,1
-1,-1,-1
1,1,1
-1,-1,-1
1,1,1
-1,-1,-1
-1,-1,-1
-1,-1,-1
-1,-1,-1
1,1,1
1,1,1
1,1,1
1,1,1
-1,-1,-1
1,1,1
-1,-1,-1
1,1,1
1,1,1
1,1,1
-1,-1,-1
-1,-1,-1
-1,-1,-1
1,1,1
-1,-1,-1
-1,-1,-1
1,1,1
1,1,1
-1,-1,-1
-1,-1,-1
1,1,1
1,1,1
1,1,1
-1,-1,-1
-1,-1,-1
-1,-1,-1
1,1,1
-1,-1,-1
-1,-1,-1
1,1,1
1,1,1
1,1,1
1,1,1
-1,-1,-1
-1,-1,-1
1,1,1
1,1,1
-1,-1,-1
1,1,1
1,1,1
1,1,1
-1,-1,-1
1,1,1
1,1,1
1,1,1
-1,-1,-1
1,1,1
-1,-1,-1
1,1,1
-1,-1,-1
-1,-1,-1
-1,-1,-1
-1,-1,-1
-1,-1,-1
1,1,1
1,1,1
1,1,1
1,1,1
-1,-1,-1
-1,-1,-1
-1,-1,-1
-1,-1,-1
1,1,1
-1,-1,-1
1,1,1
-1,-1,-1
-1,-1,-1
1,1,1
-1,-1,-1
1,1,1
-1,-1,-1
-1,-1,-1
-1,-1,-1
1,1,1
1,1,1
1,1,1
1,1,1
-1,-1,-1
-1,-1,-1
-1,-1,-1
1,1,1
1,1,1
-1,-1,-1
-1,-1,-1
1,1,1
-1,1,-1
-1,-1,-1
1,1,1
1,1,1
-1,-1,-1
1,1,1
1,1,1
1,1,1
1,1,1
1,1,1
-1,-1,-1
-1,-1,-1
1,1,1
-1,-1,-1
1,1,1
-1,-1,-1
-1,-1,-1
1,1,1
-1,-1,-1
-1,-1,-1
-1,-1,-1
-1,-1,-1
-1,-1,-1
1,1,1
-1,-1,-1
1,1,1
1,1,1
1,1,1
1,1,1
1,1,1
-1,-1,-1
1,1,1
-1,-1,-1
-1,-1,-1
1,1,1
-1,-1,-1
1,1,1
1,1,1
1,1,1
-1,-1,-1
-1,-1,-1
1,1,1
1,1,1
1,1,1
-1,-1,-1
1,1,1
1,1,1
1,1,1
-1,-1,-1
1,-1,1
1,1,1
-1,-1,-1
1,1,1
1,1,1
-1,-1,-1
1,1,1
1,1,1
-1,-1,-1
-1,-1,-1
1,1,1
1,1,1
1,1,1
-1,-1,-1
1,1,1
-1,-1,-1
1,1,1
1,1,1
-1,-1,-1
1,1,1
-1,-1,-1
1,1,1
1,1,1
1,1,1
1,1,1
-1,-1,-1
1,1,1
1,1,1
-1,1,-1
-1,-1,-1
-1,-1,-1
1,1,1
-1,1,-1
-1,-1,-1
-1,-1,-1
1,1,1
1,1,1
-1,-1,-1
-1,-1,-1
-1,-1,-1
-1,-1,-1
1,1,1
-1,-1,-1
1,1,1
-1,-1,-1
1,-1,1
1,1,1
-1,-1,-1
-1,-1,-1
1,1,1
-1,-1,-1
1,1,1
1,1,1
-1,-1,-1
-1,-1,-1
1,1,1
1,1,1
-1,-1,-1
-1,-1,-1
-1,-1,-1
-1,-1,-1
1,1,1
-1,-1,-1
-1,-1,-1
-1,-1,-1
1,1,1
1,1,1
1,1,1
-1,-1,-1
1,1,1
1,1,1
1,1,1
-1,-1,-1
-1,-1,-1
-1,-1,-1
-1,-1,-1
-1,-1,-1
1,-1,1
1,1,1
1,1,1
-1,-1,-1
1,1,1
-1,-1,-1
-1,-1,-1
1,1,1
-1,-1,-1
1,1,1
1,1,1
-1,-1,-1
-1,-1,-1
1,1,1
-1,-1,-1
1,1,1
1,1,1
-1,-1,-1
-1,-1,-1
1,-1,1
-1,-1,-1
1,1,1
1,1,1
-1,-1,-1
-1,-1,-1
-1,-1,-1
1,1,1
1,1,1
-1,-1,-1
-1,-1,-1
1,1,1
1,1,1
-1,-1,-1
-1,-1,-1
-1,-1,-1
1,1,1
1,1,1
-1,-1,-1
1,1,1
1,1,1
-1,-1,-1
-1,-1,-1
-1,-1,-1
-1,-1,-1
-1,-1,-1
1,1,1
1,1,1
1,1,1
-1,-1,-1
1,1,1
-1,-1,-1
-1,-1,-1
1,1,1
1,1,1
-1,-1,-1
1,1,1
1,1,1
-1,-1,-1
1,1,1
1,1,1
1,1,1
-1,-1,-1
1,1,1
1,1,1
-1,-1,-1
1,1,1
1,1,1
-1,-1,-1
1,1,1
-1,-1,-1
1,1,1
-1,-1,-1
-1,-1,-1
-1,-1,-1
-1,-1,-1
1,1,1
1,1,1
1,1,1
1,1,1
1,1,1
-1,-1,-1
-1,-1,-1
-1,-1,-1
-1,-1,-1
-1,-1,-1
-1,-1,-1
-1,-1,-1
1,1,1
-1,-1,-1
1,1,1
-1,-1,-1
-1,-1,-1
-1,-1,-1
-1,-1,-1
1,1,1
1,1,1
1,1,1
1,1,1
-1,-1,-1
-1,-1,-1
1,1,1
1,1,1
-1,-1,-1
-1,-1,-1
-1,-1,-1
-1,-1,-1
-1,-1,-1
1,-1,1
-1,-1,-1
-1,-1,-1
-1,-1,-1
1,1,1
-1,-1,-1
1,1,1
1,1,1
1,1,1
-1,-1,-1
1,1,1
-1,-1,-1
-1,-1,-1
1,1,1
1,1,1
1,1,1
-1,-1,-1
1,1,1
-1,-1,-1
-1,-1,-1
-1,-1,-1
-1,-1,-1
-1,-1,-1
1,1,1
-1,-1,-1
-1,-1,-1
-1,-1,-1
1,1,1
1,1,1
-1,-1,-1
-1,-1,-1
-1,-1,-1
-1,-1,-1
1,1,1
-1,-1,-1
1,1,1
-1,-1,-1
1,1,1
-1,-1,-1
-1,-1,-1
1,1,1
-1,-1,-1
1,1,1
-1,-1,-1
1,1,1
1,1,1
1,1,1
1,1,1
-1,-1,-1
1,1,1
-1,-1,-1
1,1,1
-1,-1,-1
1,1,1
-1,-1,-1
-1,-1,-1
1,1,1
-1,-1,-1
1,1,1
-1,-1,-1
1,1,1
1,1,1
-1,-1,-1
-1,-1,-1
1,1,1
-1,-1,-1
-1,-1,-1
-1,-1,-1
-1,-1,-1
1,1,1
-1,-1,-1
1,1,1
-1,-1,-1
-1,-1,-1
1,1,1
1,1,1
1,1,1
1,1,1
-1,-1,-1
1,1,1
-1,-1,-1
1,1,1
1,1,1
-1,-1,-1
1,1,1
-1,-1,-1
-1,-1,-1
1,1,1
-1,-1,-1
-1,-1,-1
-1,-1,-1
-1,-1,-1
1,1,1
-1,-1,-1
-1,-1,-1
-1,-1,-1
-1,-1,-1
1,1,1
-1,-1,-1
1,1,1
-1,-1,-1
-1,-1,-1
1,1,1
-1,1,-1
-1,-1,-1
-1,-1,-1
1,1,1
1,1,1
1,1,1
1,1,1
-1,-1,-1
-1,-1,-1
1,1,1
-1,-1,-1
1,1,1
-1,-1,-1
-1,-1,-1
1,1,1
1,1,1
-1,-1,-1
1,1,1
1,1,1
1,1,1
-1,-1,-1
1,1,1
1,1,1
1,1,1
-1,-1,-1
-1,-1,-1
-1,-1,-1
-1,-1,-1
1,1,1
-1,-1,-1
-1,-1,-1
1,1,1
-1,-1,-1
-1,-1,-1
-1,-1,-1
1,1,1
-1,-1,-1
-1,-1,-1
-1,-1,-1
-1,-1,-1
-1,-1,-1
1,1,1
-1,-1,-1
1,1,1
-1,-1,-1
1,1,1
-1,-1,-1
1,1,1
-1,-1,-1
-1,-1,-1
-1,-1,-1
1,1,1
-1,-1,-1
1,1,1
-1,-1,-1
-1,-1,-1
1,1,1
-1,-1,-1
1,1,1
1,1,1
1,1,1
1,1,1
-1,-1,-1
-1,-1,-1
-1,-1,-1
-1,-1,-1
1,1,1
-1,-1,-1
1,1,1
-1,1,-1
1,1,1
1,1,1
-1,-1,-1
-1,-1,-1
1,1,1
1,1,1
1,1,1
1,1,1
1,1,1
1,1,1
-1,-1,-1
1,1,1
-1,-1,-1
1,1,1
1,1,1
1,1,1
-1,-1,-1
-1,-1,-1
1,1,1
1,1,1
-1,-1,-1
-1,-1,-1
-1,-1,-1
-1,-1,-1
1,1,1
1,1,1
-1,-1,-1
1,1,1
1,1,1
-1,-1,-1
1,1,1
1,1,1
1,1,1
-1,1,-1
-1,-1,-1
-1,-1,-1
-1,-1,-1
-1,-1,-1
-1,-1,-1
1,1,1
-1,-1,-1
1,1,1
-1,-1,-1
-1,-1,-1
-1,-1,-1
1,1,1
1,1,1
1,1,1
1,1,1
-1,-1,-1
1,1,1
1,1,1
-1,-1,-1
-1,-1,-1
-1,-1,-1
-1,-1,-1
1,1,1
-1,-1,-1
1,1,1
1,1,1
-1,-1,-1
-1,-1,-1
-1,-1,-1
1,-1,1
-1,-1,-1
-1,-1,-1
-1,-1,-1
-1,-1,-1
-1,-1,-1
1,1,1
-1,-1,-1
1,1,1
-1,-1,-1
1,1,1
1,1,1
-1,-1,-1
-1,-1,-1
-1,-1,-1
1,1,1
-1,-1,-1
1,1,1
1,1,1
-1,-1,-1
1,1,1
-1,-1,-1
1,1,1
-1,-1,-1
-1,-1,-1
-1,-1,-1
-1,-1,-1
1,1,1
1,1,1
1,1,1
1,1,1
1,1,1
1,1,1
1,1,1
-1,-1,-1
-1,-1,-1
-1,-1,-1
-1,-1,-1
-1,-1,-1
-1,-1,-1
-1,-1,-1
-1,-1,-1
1,1,1
1,1,1
1,1,1
-1,-1,-1
1,1,1
1,1,1
-1,-1,-1
-1,-1,-1
-1,-1,-1
1,1,1
-1,-1,-1
1,1,1
-1,-1,-1
-1,-1,-1
1,1,1
-1,-1,-1
-1,-1,-1
-1,-1,-1
1,1,1
-1,-1,-1
-1,-1,-1
1,1,1
1,1,1
-1,-1,-1
-1,-1,-1
-1,-1,-1
1,1,1
-1,-1,-1
1,1,1
1,1,1
1,1,1
-1,-1,-1
-1,-1,-1
1,1,1
1,1,1
-1,-1,-1
-1,-1,-1
1,1,1
-1,-1,-1
1,1,1
-1,-1,-1
1,1,1
-1,-1,-1
-1,-1,-1
-1,-1,-1
1,1,1
1,1,1
-1,-1,-1
1,1,1
1,1,1
-1,-1,-1
-1,-1,-1
1,1,1
1,-1,1
1,1,1
-1,-1,-1
-1,-1,-1
1,-1,1
-1,-1,-1
1,1,1
1,1,1
1,1,1
-1,-1,-1
-1,-1,-1
-1,-1,-1
1,1,1
1,1,1
-1,-1,-1
-1,-1,-1
-1,-1,-1
-1,1,-1
1,1,1
-1,-1,-1
-1,-1,-1
1,1,1
-1,-1,-1
-1,-1,-1
-1,-1,-1
1,1,1
1,1,1
1,1,1
1,1,1
1,1,1
1,1,1
1,1,1
-1,-1,-1
1,1,1
1,1,1
1,1,1
-1,-1,-1
1,1,1
-1,-1,-1
1,1,1
1,1,1
1,1,1
-1,-1,-1
-1,-1,-1
-1,-1,-1
-1,-1,-1
-1,-1,-1
-1,-1,-1
-1,-1,-1
-1,-1,-1
1,1,1
1,1,1
-1,-1,-1
1,1,1
1,1,1
-1,-1,-1
-1,-1,-1
-1,-1,-1
-1,-1,-1
-1,-1,-1
1,1,1
-1,-1,-1
-1,-1,-1
-1,-1,-1
-1,-1,-1
1,1,1
1,1,1
1,1,1
1,1,1
1,1,1
1,1,1
1,1,1
-1,-1,-1
-1,-1,-1
-1,-1,-1
-1,-1,-1
1,1,1
1,1,1
-1,-1,-1
-1,-1,-1
1,1,1
-1,-1,-1
1,1,1
1,1,1
-1,-1,-1
-1,-1,-1
1,-1,1
1,-1,1
1,1,1
-1,-1,-1
1,1,1
1,1,1
1,1,1
-1,-1,-1
-1,-1,-1
-1,-1,-1
1,1,1
-1,-1,-1
-1,-1,-1
-1,1,-1
1,1,1
-1,-1,-1
1,1,1
1,1,1
-1,-1,-1
-1,-1,-1
-1,-1,-1
1,1,1
1,1,1
-1,-1,-1
-1,-1,-1
1,1,1
-1,1,-1
1,1,1
1,1,1
1,1,1
-1,-1,-1
-1,-1,-1
1,1,1
-1,-1,-1
1,1,1
1,1,1
-1,-1,-1
-1,-1,-1
-1,-1,-1
-1,-1,-1
-1,-1,-1
1,1,1
-1,-1,-1
-1,-1,-1
-1,-1,-1
-1,-1,-1
-1,-1,-1
1,1,1
1,1,1
1,1,1
-1,-1,-1
-1,-1,-1
-1,-1,-1
1,1,1
-1,-1,-1
1,1,1
1,1,1
1,1,1
1,-1,1
1,1,1
1,1,1
-1,-1,-1
1,1,1
1,1,1
1,1,1
-1,-1,-1
-1,-1,-1
-1,-1,-1
-1,-1,-1
1,1,1
-1,-1,-1
1,1,1
-1,-1,-1
-1,-1,-1
-1,-1,-1
-1,1,-1
-1,-1,-1
-1,-1,-1
-1,1,-1
1,1,1
-1,-1,-1
-1,-1,-1
1,1,1
-1,-1,-1
-1,-1,-1
-1,-1,-1
-1,-1,-1
-1,-1,-1
1,1,1
1,1,1
1,1,1
-1,-1,-1
-1,-1,-1
-1,-1,-1
-1,-1,-1
-1,-1,-1
1,1,1
1,1,1
1,1,1
-1,-1,-1
1,-1,1
1,1,1
1,1,1
-1,-1,-1
-1,-1,-1
1,1,1
-1,-1,-1
-1,-1,-1
-1,-1,-1
-1,-1,-1
-1,-1,-1
-1,-1,-1
-1,-1,-1
-1,-1,-1
-1,-1,-1
1,1,1
1,1,1
1,1,1
-1,-1,-1
-1,-1,-1
-1,-1,-1
-1,-1,-1
1,1,1
1,1,1
-1,-1,-1
1,1,1
-1,-1,-1
1,1,1
1,1,1
1,-1,1
1,1,1
-1,-1,-1
-1,-1,-1
-1,-1,-1
1,1,1
1,1,1
1,1,1
-1,-1,-1
1,1,1
-1,-1,-1
1,1,1
-1,-1,-1
1,-1,1
-1,1,-1
1,1,1
1,1,1
1,1,1
-1,-1,-1
1,1,1
-1,-1,-1
-1,-1,-1
-1,-1,-1
-1,1,-1
-1,-1,-1
-1,-1,-1
1,1,1
1,1,1
1,1,1
-1,-1,-1
-1,-1,-1
-1,-1,-1
-1,-1,-1
1,1,1
-1,-1,-1
1,1,1
1,1,1
-1,-1,-1
-1,-1,-1
-1,-1,-1
-1,-1,-1
-1,-1,-1
1,1,1
-1,1,-1
-1,-1,-1
-1,-1,-1
-1,1,-1
1,1,1
1,1,1
-1,-1,-1
-1,-1,-1
1,1,1
-1,-1,-1
1,1,1
-1,-1,-1
1,1,1
1,1,1
1,1,1
-1,-1,-1
-1,-1,-1
-1,-1,-1
1,1,1
1,1,1
1,1,1
1,1,1
-1,-1,-1
1,1,1
-1,-1,-1
-1,-1,-1
1,1,1
-1,-1,-1
1,1,1
1,1,1
-1,-1,-1
-1,-1,-1
-1,1,-1
-1,-1,-1
1,1,1
1,1,1
-1,-1,-1
-1,-1,-1
-1,-1,-1
-1,-1,-1
-1,-1,-1
1,1,1
1,1,1
1,1,1
1,1,1
1,1,1
1,1,1
1,-1,1
1,1,1
1,1,1
-1,-1,-1
-1,-1,-1
-1,-1,-1
1,1,1
-1,-1,-1
1,1,1
1,1,1
-1,-1,-1
-1,-1,-1
-1,-1,-1
-1,-1,-1
1,-1,1
1,1,1
-1,-1,-1
-1,-1,-1
1,1,1
-1,-1,-1
-1,-1,-1
-1,-1,-1
-1,-1,-1
1,1,1
-1,-1,-1
1,1,1
1,1,1
-1,-1,-1
1,1,1
-1,-1,-1
1,1,1
-1,-1,-1
1,1,1
1,1,1
1,1,1
-1,-1,-1
1,1,1
1,1,1
1,1,1
1,1,1
-1,-1,-1
1,1,1
-1,-1,-1
-1,-1,-1
1,1,1
1,1,1
1,1,1
1,1,1
-1,-1,-1
1,1,1
-1,-1,-1
1,1,1
-1,-1,-1
1,1,1
-1,-1,-1
1,1,1
-1,1,-1
-1,-1,-1
-1,-1,-1
-1,-1,-1
1,1,1
-1,-1,-1
-1,-1,-1
-1,-1,-1
-1,-1,-1
-1,-1,-1
-1,-1,-1
-1,-1,-1
-1,-1,-1
-1,-1,-1
1,1,1
1,1,1
1,1,1
1,1,1
-1,-1,-1
-1,-1,-1
1,1,1
-1,-1,-1
1,1,1
1,1,1
-1,-1,-1
1,1,1
-1,-1,-1
-1,-1,-1
-1,-1,-1
1,1,1
1,1,1
-1,-1,-1
-1,-1,-1
-1,-1,-1
-1,-1,-1
1,1,1
1,1,1
-1,-1,-1
1,-1,1
1,1,1
-1,-1,-1
-1,-1,-1
-1,-1,-1
1,1,1
1,1,1
1,1,1
-1,-1,-1
-1,-1,-1
1,1,1
-1,-1,-1
1,1,1
-1,-1,-1
1,1,1
1,-1,1
-1,-1,-1
-1,-1,-1
-1,-1,-1
1,1,1
1,1,1
1,1,1
-1,-1,-1
1,1,1
-1,-1,-1
-1,-1,-1
-1,-1,-1
1,1,1
-1,-1,-1
1,1,1
1,1,1
-1,-1,-1
1,1,1
-1,-1,-1
-1,-1,-1
1,1,1
-1,-1,-1
-1,-1,-1
-1,-1,-1
1,1,1
1,1,1
-1,-1,-1
-1,-1,-1
1,1,1
-1,-1,-1
-1,-1,-1
1,1,1
1,1,1
-1,-1,-1
1,1,1
-1,-1,-1
-1,-1,-1
-1,-1,-1
1,1,1
-1,-1,-1
1,1,1
1,1,1
-1,-1,-1
1,1,1
-1,-1,-1
-1,-1,-1
-1,-1,-1
1,1,1
-1,-1,-1
-1,-1,-1
-1,-1,-1
1,1,1
1,1,1
1,1,1
-1,-1,-1
-1,-1,-1
-1,-1,-1
-1,-1,-1
1,1,1
1,1,1
1,1,1
-1,-1,-1
1,1,1
1,1,1
-1,-1,-1
1,1,1
-1,-1,-1
1,1,1
-1,-1,-1
1,1,1
1,1,1
1,1,1
-1,-1,-1
1,1,1
-1,-1,-1
-1,-1,-1
1,1,1
-1,-1,-1
1,1,1
-1,-1,-1
1,1,1
-1,-1,-1
-1,-1,-1
1,1,1
1,1,1
1,1,1
1,1,1
-1,-1,-1
-1,-1,-1
-1,-1,-1
1,1,1
1,1,1
-1,-1,-1
-1,-1,-1
1,1,1
-1,-1,-1
-1,-1,-1
1,1,1
1,1,1
1,1,1
1,1,1
1,1,1
-1,-1,-1
1,1,1
1,1,1
1,1,1
-1,-1,-1
1,1,1
1,1,1
1,1,1
-1,-1,-1
1,1,1
1,1,1
1,1,1
-1,-1,-1
1,1,1
1,1,1
1,1,1
1,1,1
1,1,1
-1,-1,-1
-1,-1,-1
1,1,1
1,1,1
-1,-1,-1
-1,-1,-1
-1,-1,-1
1,1,1
-1,-1,-1
1,1,1
-1,-1,-1
-1,-1,-1
-1,-1,-1
1,1,1
1,1,1
-1,-1,-1
1,1,1
-1,-1,-1
1,1,1
1,1,1
1,1,1
-1,-1,-1
-1,-1,-1
1,1,1
1,1,1
-1,-1,-1
1,1,1
-1,-1,-1
-1,-1,-1
-1,-1,-1
1,1,1
-1,-1,-1
1,1,1
-1,-1,-1
1,1,1
-1,-1,-1
-1,-1,-1
1,1,1
1,1,1
-1,-1,-1
-1,-1,-1
-1,-1,-1
1,1,1
-1,-1,-1
1,-1,1
1,1,1
1,1,1
1,1,1
-1,-1,-1
-1,-1,-1
-1,-1,-1
1,1,1
-1,-1,-1
-1,-1,-1
-1,-1,-1
1,1,1
1,1,1
1,1,1
1,1,1
-1,-1,-1
1,1,1
-1,-1,-1
-1,-1,-1
-1,-1,-1
-1,-1,-1
1,1,1
-1,-1,-1
-1,1,-1
-1,-1,-1
-1,-1,-1
-1,-1,-1
-1,-1,-1
1,1,1
1,1,1
-1,-1,-1
-1,-1,-1
1,1,1
-1,-1,-1
-1,-1,-1
1,1,1
1,1,1
1,1,1
1,1,1
1,1,1
1,1,1
-1,-1,-1
1,1,1
1,1,1
1,1,1
-1,-1,-1
-1,-1,-1
-1,-1,-1
-1,-1,-1
1,1,1
1,1,1
1,1,1
1,-1,1
-1,-1,-1
1,1,1
1,1,1
-1,-1,-1
-1,-1,-1
1,1,1
1,1,1
-1,-1,-1
1,1,1
-1,-1,-1
-1,-1,-1
1,1,1
1,1,1
-1,-1,-1
1,1,1
1,1,1
1,1,1
1,1,1
-1,-1,-1
1,1,1
1,1,1
1,1,1
1,1,1
-1,-1,-1
-1,-1,-1
-1,-1,-1
-1,-1,-1
1,1,1
1,1,1
1,1,1
1,1,1
1,1,1
-1,-1,-1
1,1,1
1,1,1
1,1,1
1,1,1
-1,-1,-1
1,1,1
-1,-1,-1
1,1,1
1,1,1
-1,-1,-1
-1,-1,-1
-1,-1,-1
-1,-1,-1
1,1,1
-1,-1,-1
-1,-1,-1
1,1,1
1,1,1
-1,-1,-1
-1,-1,-1
-1,-1,-1
-1,-1,-1
1,1,1
-1,-1,-1
1,1,1
-1,-1,-1
-1,-1,-1
1,1,1
1,1,1
-1,-1,-1
-1,-1,-1
1,1,1
-1,-1,-1
-1,-1,-1
1,1,1
1,1,1
1,1,1
1,1,1
1,1,1
1,1,1
-1,-1,-1
-1,-1,-1
-1,-1,-1
1,1,1
-1,-1,-1
1,1,1
1,1,1
1,1,1
-1,-1,-1
1,1,1
1,1,1
1,1,1
1,1,1
1,1,1
1,1,1
-1,-1,-1
-1,-1,-1
-1,-1,-1
1,1,1
-1,-1,-1
1,1,1
-1,-1,-1
-1,-1,-1
1,1,1
-1,-1,-1
-1,-1,-1
1,1,1
-1,-1,-1
1,1,1
-1,-1,-1
1,1,1
1,1,1
1,1,1
1,1,1
-1,-1,-1
-1,-1,-1
-1,-1,-1
1,1,1
1,1,1
-1,-1,-1
1,1,1
-1,-1,-1
1,1,1
-1,-1,-1
-1,-1,-1
-1,-1,-1
-1,-1,-1
1,1,1
-1,-1,-1
1,1,1
1,1,1
-1,-1,-1
1,1,1
-1,-1,-1
-1,-1,-1
-1,-1,-1
-1,-1,-1
-1,-1,-1
1,1,1
1,1,1
1,1,1
-1,-1,-1
1,1,1
-1,-1,-1
1,1,1
1,1,1
-1,-1,-1
-1,-1,-1
-1,-1,-1
-1,-1,-1
-1,1,-1
-1,-1,-1
1,1,1
-1,-1,-1
1,1,1
-1,-1,-1
-1,-1,-1
-1,-1,-1
-1,-1,-1
1,1,1
1,1,1
1,1,1
1,1,1
-1,-1,-1
1,1,1
1,1,1
1,1,1
1,1,1
1,1,1
1,1,1
-1,1,-1
1,1,1
1,1,1
-1,-1,-1
1,1,1
1,1,1
-1,-1,-1
1,1,1
1,1,1
-1,-1,-1
1,1,1
-1,-1,-1
1,1,1
1,1,1
1,1,1
-1,-1,-1
-1,-1,-1
-1,-1,-1
1,1,1
-1,-1,-1
-1,-1,-1
1,-1,1
1,1,1
1,1,1
1,1,1
-1,-1,-1
-1,-1,-1
-1,-1,-1
-1,-1,-1
-1,-1,-1
-1,-1,-1
-1,-1,-1
-1,-1,-1
1,1,1
1,1,1
1,1,1
1,-1,1
-1,-1,-1
1,1,1
1,1,1
-1,-1,-1
1,1,1
1,1,1
1,1,1
1,1,1
-1,-1,-1
-1,-1,-1
1,1,1
-1,-1,-1
-1,-1,-1
-1,-1,-1
1,1,1
1,1,1
1,1,1
-1,-1,-1
1,1,1
1,1,1
1,1,1
-1,-1,-1
1,1,1
1,1,1
-1,-1,-1
-1,-1,-1
-1,-1,-1
-1,-1,-1
1,1,1
-1,-1,-1
1,1,1
1,1,1
1,1,1
-1,-1,-1
-1,-1,-1
-1,-1,-1
1,1,1
1,1,1
1,1,1
1,1,1
1,1,1
1,1,1
1,1,1
1,1,1
-1,-1,-1
-1,-1,-1
1,1,1
1,1,1
1,1,1
1,1,1
1,1,1
1,1,1
-1,-1,-1
1,1,1
-1,-1,-1
-1,-1,-1
1,1,1
1,1,1
-1,-1,-1
-1,-1,-1
1,1,1
1,1,1
-1,-1,-1
-1,1,-1
-1,-1,-1
-1,-1,-1
-1,-1,-1
-1,-1,-1
-1,-1,-1
1,-1,1
-1,-1,-1
-1,-1,-1
1,1,1
-1,1,-1
-1,-1,-1
-1,-1,-1
1,1,1
1,1,1
1,1,1
-1,-1,-1
1,1,1
1,1,1
1,1,1
1,1,1
-1,-1,-1
1,1,1
-1,-1,-1
-1,1,-1
-1,-1,-1
1,1,1
1,1,1
-1,-1,-1
1,1,1
1,1,1
1,1,1
1,1,1
-1,-1,-1
-1,-1,-1
1,1,1
1,1,1
-1,-1,-1
-1,-1,-1
1,1,1
1,1,1
1,1,1
1,1,1
1,1,1
-1,-1,-1
1,1,1
-1,-1,-1
1,1,1
1,1,1
-1,-1,-1
1,1,1
1,1,1
-1,-1,-1
-1,-1,-1
1,1,1
1,1,1
-1,-1,-1
-1,-1,-1
1,1,1
-1,-1,-1
-1,-1,-1
1,1,1
1,1,1
1,1,1
1,1,1
-1,-1,-1
-1,-1,-1
1,1,1
1,1,1
1,1,1
-1,-1,-1
-1,-1,-1
-1,-1,-1
-1,-1,-1
-1,-1,-1
-1,-1,-1
-1,-1,-1
-1,-1,-1
1,1,1
1,1,1
-1,-1,-1
1,1,1
1,1,1
-1,-1,-1
-1,-1,-1
-1,-1,-1
1,1,1
1,1,1
-1,-1,-1
1,1,1
1,1,1
1,-1,1
-1,-1,-1
1,1,1
-1,-1,-1
1,1,1
-1,-1,-1
1,1,1
-1,-1,-1
-1,-1,-1
-1,-1,-1
-1,-1,-1
-1,-1,-1
1,1,1
1,1,1
1,1,1
-1,-1,-1
-1,-1,-1
1,1,1
-1,-1,-1
1,-1,1
-1,1,-1
-1,-1,-1
-1,-1,-1
1,1,1
-1,-1,-1
-1,-1,-1
-1,-1,-1
-1,-1,-1
1,1,1
-1,-1,-1
-1,-1,-1
1,1,1
1,1,1
1,1,1
-1,-1,-1
1,1,1
-1,-1,-1
-1,-1,-1
-1,-1,-1
-1,-1,-1
1,1,1
-1,-1,-1
-1,-1,-1
-1,-1,-1
-1,-1,-1
-1,-1,-1
-1,-1,-1
1,1,1
-1,-1,-1
1,1,1
-1,-1,-1
1,1,1
1,1,1
1,1,1
1,1,1
-1,-1,-1
1,1,1
1,1,1
1,1,1
1,1,1
1,1,1
-1,-1,-1
-1,-1,-1
1,1,1
1,1,1
-1,-1,-1
1,1,1
1,1,1
1,1,1
1,1,1
1,1,1
-1,1,-1
-1,-1,-1
1,1,1
1,1,1
-1,-1,-1
1,1,1
1,1,1
1,1,1
1,1,1
-1,-1,-1
1,1,1
1,1,1
1,1,1
-1,-1,-1
-1,-1,-1
1,1,1
-1,-1,-1
-1,-1,-1
1,1,1
1,1,1
-1,-1,-1
1,1,1
1,1,1
1,1,1
-1,-1,-1
-1,-1,-1
-1,-1,-1
1,1,1
1,1,1
1,1,1
1,1,1
1,-1,1
-1,-1,-1
-1,-1,-1
-1,-1,-1
1,1,1
-1,-1,-1
-1,-1,-1
1,1,1
1,1,1
1,1,1
-1,-1,-1
1,1,1
-1,-1,-1
-1,-1,-1
-1,-1,-1
-1,-1,-1
1,1,1
1,1,1
-1,-1,-1
-1,-1,-1
-1,-1,-1
-1,-1,-1
1,1,1
1,1,1
1,1,1
1,1,1
1,1,1
1,1,1
-1,-1,-1
-1,-1,-1
1,1,1
-1,-1,-1
1,1,1
-1,-1,-1
1,1,1
1,1,1
-1,-1,-1
1,1,1
-1,-1,-1
1,1,1
-1,-1,-1
-1,-1,-1
1,1,1
-1,-1,-1
1,1,1
1,1,1
-1,-1,-1
1,1,1
1,1,1
1,1,1
1,1,1
-1,-1,-1
1,1,1
-1,-1,-1
-1,-1,-1
-1,-1,-1
1,1,1
-1,-1,-1
1,-1,1
1,1,1
-1,-1,-1
1,1,1
1,1,1
1,1,1
-1,-1,-1
1,1,1
1,1,1
1,1,1
-1,-1,-1
-1,-1,-1
1,1,1
-1,-1,-1
-1,-1,-1
1,1,1
1,1,1
1,1,1
-1,-1,-1
1,1,1
1,1,1
-1,-1,-1
-1,-1,-1
-1,-1,-1
1,1,1
1,1,1
1,1,1
-1,-1,-1
-1,-1,-1
-1,-1,-1
1,1,1
-1,-1,-1
-1,-1,-1
1,1,1
-1,-1,-1
1,1,1
-1,-1,-1
1,1,1
1,1,1
1,1,1
1,1,1
1,1,1
-1,-1,-1
